<application>
  <component name="FeatureSuggesterSettings">
    <option name="workingDays">
      <list>
        <option value="1649827264773" />
        <option value="1649901632569" />
        <option value="1649981714483" />
        <option value="1650082285331" />
        <option value="1650200783085" />
        <option value="1650333074343" />
        <option value="1650418178359" />
        <option value="1650688141975" />
        <option value="1650866044123" />
        <option value="1650936708108" />
        <option value="1651042732147" />
        <option value="1651211736630" />
        <option value="1651749642289" />
        <option value="1651811920972" />
      </list>
    </option>
  </component>
</application>