<application>
  <component name="FileTypeManager" version="18">
    <extensionMap>
      <removed_mapping ext="apk" approved="true" type="ARCHIVE" />
      <removed_mapping ext="ignore" approved="true" type="IgnoreLang file" />
      <removed_mapping ext="psd" approved="true" type="Image" />
      <removed_mapping pattern=".mvn" approved="true" type="GitIgnore file" />
      <removed_mapping pattern="mvnw" approved="true" type="GitIgnore file" />
    </extensionMap>
  </component>
</application>