<application>
  <component name="AppStorage">
    <option name="newTranslationDialogWidth" value="582" />
    <option name="newTranslationDialogX" value="673" />
    <option name="newTranslationDialogY" value="246" />
    <histories>
      <item value="login User" />
      <item value="org.springframework.beans.factory.xml.Xml Bean Definition Store Exception:" />
      <item value="Tyhmeleaf" />
      <item value="销毁方法" />
      <item value="springframework" />
      <item value="save running" />
      <item value="Process finished with exit code 0" />
      <item value="schema Location" />
      <item value="Generating project in Batch mode" />
      <item value="include" />
      <item value="名字" />
      <item value="name" />
      <item value="Use the Parameter Info popup ( Ctrl+P ) to ensure that you pass correct values for the parameters in your statement, procedure, or function." />
      <item value="If a method signature has been changed, IntelliJ IDEA highlights the documentation comment tags that ran out of sync and suggests a quick-fix:" />
      <item value="To quickly complete a method call of a static method located anywhere in your project, a library or a JDK, enter a prefix and press Ctrl+空格 twice. You can press Alt+Enter to import the selected method" />
      <item value="动态sql" />
      <item value="void" />
      <item value="查询" />
      <item value="type Alias" />
      <item value="development" />
      <item value="Counr" />
      <item value="Counry" />
      <item value="Coun" />
      <item value="mybais-config.xml" />
      <item value="mybais-config." />
      <item value="mybais-config" />
      <item value="mybais-conf" />
      <item value="mybais-con" />
      <item value="mybais-" />
      <item value="mybais" />
      <item value="throws" />
      <item value="java" />
      <item value="Resources" />
      <item value="query All" />
      <item value="open Session" />
      <item value="select Byid" />
      <item value="tran" />
      <item value="tran&#10;" />
      <item value="tran " />
      <item value="tra" />
      <item value="tar" />
      <item value="roo" />
      <item value="tes" />
      <item value="teses" />
      <item value="get Body" />
      <item value="null" />
      <item value="query" />
      <item value="单词" />
      <item value="html" />
    </histories>
    <option name="languageScores">
      <map>
        <entry key="CHINESE" value="1" />
        <entry key="ENGLISH" value="1" />
      </map>
    </option>
  </component>
  <component name="Cache">
    <option name="lastTrimTime" value="1651751416290" />
  </component>
  <component name="Settings">
    <option name="baiduTranslateSettings">
      <app-key>
        <option name="appId" value="20220328001145490" />
      </app-key>
    </option>
    <option name="translateDocumentation" value="true" />
    <option name="translator" value="YOUDAO" />
    <option name="youdaoTranslateSettings">
      <youdao-translate>
        <option name="appId" value="6be6f20fce237328" />
      </youdao-translate>
    </option>
  </component>
</application>