﻿<?xml version="1.0" encoding="utf-8"?>
<Skin>
  <Graphic Name="MainForm.png" Type="png" />
  <Item Name="ExcelSel">
    <Graphic Name="SkinForm.png" Type="png" />
    <Part id="0" Name="Frame" FillMode="stretch" TransparentMode="Alpha">
      <Graphic Name="MainForm.png" />
      <Font Color="clWhite" />
      <State Left="0" Top="675" Width="111" Height="87">
        <Font Name="Arial" Color="clWhite" />
      </State>
      <State Left="110" Top="675" Width="111" Height="87">
        <Font Name="Arial" Color="clWhite" />
      </State>
      <State Left="220" Top="675" Width="111" Height="87">
        <Font Name="Arial" Color="clWhite" />
      </State>
      <State Left="330" Top="675" Width="111" Height="87">
        <Font Name="Arial" Color="clWhite" />
      </State>
    </Part>
  </Item>
  <Item Name="btnedtPath">
    <Part id="0" Name="Frame" TransparentMode="Alpha">
      <State Left="148" Top="1414" Width="20" Height="20">
        <Margins Left="8" Top="4" Right="5" Bottom="4" />
      </State>
      <State Left="148" Top="1414" Width="20" Height="20">
        <Margins Left="8" Top="4" Right="5" Bottom="4" />
      </State>
      <State Left="148" Top="1414" Width="20" Height="20">
        <Margins Left="8" Top="4" Right="5" Bottom="4" />
      </State>
      <State Left="148" Top="1414" Width="20" Height="20">
        <Margins Left="8" Top="4" Right="5" Bottom="4" />
      </State>
    </Part>
    <Part id="1" Name="Button" TransparentMode="Alpha">
      <State Left="72" Top="1413" Width="19" Height="19">
        <Margins Left="2" Top="2" Right="2" Bottom="2" />
      </State>
      <State Left="72" Top="1433" Width="19" Height="19">
        <Margins Left="2" Top="2" Right="2" Bottom="2" />
      </State>
      <State Left="72" Top="1453" Width="19" Height="19">
        <Margins Left="2" Top="2" Right="2" Bottom="2" />
      </State>
      <State Left="72" Top="1473" Width="19" Height="19">
        <Margins Left="2" Top="2" Right="2" Bottom="2" />
      </State>
    </Part>
  </Item>
  <Item Name="ProgressBar">
    <Part id="0" Name="Blank" TransparentMode="Alpha">
      <State Left="46" Top="1659" Width="27" Height="19">
        <Margins Left="4" Top="8" Right="3" Bottom="7" />
        <Font Color="$005E3D43" />
      </State>
      <State Left="74" Top="1659" Width="27" Height="19">
        <Margins Left="4" Top="8" Right="3" Bottom="7" />
        <Font Color="$005E3D43" />
      </State>
    </Part>
  </Item>
  <Item Name="ProgressBar_2">
    <Part id="0" Name="Blank" TransparentMode="Alpha">
      <State Left="46" Top="1664" Width="27" Height="9">
        <Margins Left="4" Top="3" Right="2" Bottom="2" />
        <Font Color="$005E3D43" />
      </State>
      <State Left="74" Top="1664" Width="27" Height="9">
        <Margins Left="4" Top="3" Right="2" Bottom="2" />
        <Font Color="$005E3D43" />
      </State>
    </Part>
  </Item>
  <Item Name="Head">
    <Part id="0" Name="ListViewHead" FillMode="stretch" TransparentMode="Alpha">
      <State Left="400" Top="1242" Width="2" Height="21">
        <Margins Top="1" Bottom="2" />
        <Font Color="clBlack" />
      </State>
      <State Left="402" Top="1242" Width="2" Height="21">
        <Margins Top="1" Bottom="2" />
        <Font Color="clBlack" />
      </State>
      <State Left="404" Top="1242" Width="2" Height="21">
        <Margins Top="1" Bottom="2" />
        <Font Color="clBlack" />
      </State>
    </Part>
    <Part id="1" TransparentMode="Alpha">
      <State Left="397" Top="1242" Width="1" Height="22" />
    </Part>
  </Item>
  <Item Name="ScrollBar">
    <Part id="0" Name="HorzBar_Left" TransparentMode="Alpha">
      <State Left="18" Top="1577" Width="16" Height="23">
        <Margins Left="2" Top="2" Right="2" Bottom="2" />
      </State>
      <State Left="34" Top="1577" Width="16" Height="23">
        <Margins Left="2" Top="2" Right="2" Bottom="2" />
      </State>
      <State Left="50" Top="1577" Width="16" Height="23">
        <Margins Left="2" Top="2" Right="2" Bottom="2" />
      </State>
      <State Left="66" Top="1577" Width="16" Height="23">
        <Margins Left="2" Top="2" Right="2" Bottom="2" />
      </State>
    </Part>
    <Part id="1" Name="HorzBar_Button" TransparentMode="Alpha">
      <State Left="18" Top="1577" Width="16" Height="23">
        <Margins Left="2" Top="2" Right="2" Bottom="2" />
      </State>
      <State Left="34" Top="1577" Width="16" Height="23">
        <Margins Left="2" Top="2" Right="2" Bottom="2" />
      </State>
      <State Left="50" Top="1577" Width="16" Height="23">
        <Margins Left="2" Top="2" Right="2" Bottom="2" />
      </State>
      <State Left="66" Top="1577" Width="16" Height="23">
        <Margins Left="2" Top="2" Right="2" Bottom="2" />
      </State>
    </Part>
    <Part id="2" Name="HorzBar_Right" TransparentMode="Alpha">
      <State Left="18" Top="1577" Width="16" Height="23">
        <Margins Left="2" Top="2" Right="2" Bottom="2" />
      </State>
      <State Left="34" Top="1577" Width="16" Height="23">
        <Margins Left="2" Top="2" Right="2" Bottom="2" />
      </State>
      <State Left="50" Top="1577" Width="16" Height="23">
        <Margins Left="2" Top="2" Right="2" Bottom="2" />
      </State>
      <State Left="66" Top="1577" Width="16" Height="23">
        <Margins Left="2" Top="2" Right="2" Bottom="2" />
      </State>
    </Part>
    <Part id="3" Name="HorzBar_Back" TransparentMode="Alpha">
      <State Left="0" Top="1577" Width="18" Height="23" />
    </Part>
    <Part id="4" Name="HorzBar_LeftArrow" TransparentMode="Alpha">
      <State Left="0" Top="1557" Width="8" Height="9" />
      <State Left="8" Top="1557" Width="8" Height="9" />
      <State Left="16" Top="1557" Width="8" Height="9" />
      <State Left="24" Top="1557" Width="8" Height="9" />
    </Part>
    <Part id="5" Name="HorzBar_RightArrow" TransparentMode="Alpha">
      <State Left="0" Top="1566" Width="8" Height="9" />
      <State Left="8" Top="1566" Width="8" Height="9" />
      <State Left="16" Top="1566" Width="8" Height="9" />
      <State Left="24" Top="1566" Width="8" Height="9" />
    </Part>
    <Part id="6" Name="HorzBar_ButtonCenter" TransparentMode="Alpha">
      <State Left="29" Top="1634" Width="10" Height="7" />
      <State Left="52" Top="1634" Width="10" Height="7" />
      <State Left="75" Top="1634" Width="10" Height="7" />
      <State Left="98" Top="1634" Width="10" Height="7" />
    </Part>
    <Part id="7" Name="VertBar_Top" TransparentMode="Alpha">
      <State Left="23" Top="1614" Width="23" Height="16">
        <Margins Left="2" Right="2" Bottom="2" />
      </State>
      <State Left="46" Top="1614" Width="23" Height="16">
        <Margins Left="2" Right="2" Bottom="2" />
      </State>
      <State Left="69" Top="1614" Width="23" Height="16">
        <Margins Left="2" Right="2" Bottom="2" />
      </State>
      <State Left="92" Top="1614" Width="23" Height="16">
        <Margins Left="2" Right="2" Bottom="2" />
      </State>
    </Part>
    <Part id="8" Name="VertBar_Button" TransparentMode="Alpha">
      <State Left="23" Top="1614" Width="23" Height="16">
        <Margins Left="2" Top="2" Right="2" Bottom="2" />
      </State>
      <State Left="46" Top="1614" Width="23" Height="16">
        <Margins Left="2" Top="2" Right="2" Bottom="2" />
      </State>
      <State Left="69" Top="1614" Width="23" Height="16">
        <Margins Left="2" Top="2" Right="2" Bottom="2" />
      </State>
      <State Left="92" Top="1614" Width="23" Height="16">
        <Margins Left="2" Top="2" Right="2" Bottom="2" />
      </State>
    </Part>
    <Part id="9" Name="VertBar_Bottom" TransparentMode="Alpha">
      <State Left="23" Top="1614" Width="23" Height="16">
        <Margins Left="2" Top="2" Right="2" Bottom="2" />
      </State>
      <State Left="46" Top="1614" Width="23" Height="16">
        <Margins Left="2" Top="2" Right="2" Bottom="2" />
      </State>
      <State Left="69" Top="1614" Width="23" Height="16">
        <Margins Left="2" Top="2" Right="2" Bottom="2" />
      </State>
      <State Left="92" Top="1614" Width="23" Height="16">
        <Margins Left="2" Top="2" Right="2" Bottom="2" />
      </State>
    </Part>
    <Part id="10" Name="VertBar_Back" TransparentMode="Alpha">
      <State Left="0" Top="1614" Width="23" Height="18" />
    </Part>
    <Part id="11" Name="VertBar_TopArrow" TransparentMode="Alpha">
      <State Left="0" Top="1542" Width="9" Height="8" />
      <State Left="9" Top="1542" Width="9" Height="8" />
      <State Left="18" Top="1542" Width="9" Height="8" />
      <State Left="27" Top="1542" Width="9" Height="8" />
    </Part>
    <Part id="12" Name="VertBar_BottomArrow" TransparentMode="Alpha">
      <State Left="0" Top="1549" Width="9" Height="8" />
      <State Left="9" Top="1549" Width="9" Height="8" />
      <State Left="18" Top="1549" Width="9" Height="8" />
      <State Left="27" Top="1549" Width="9" Height="8" />
    </Part>
    <Part id="13" Name="VertBar_ButtonCenter" TransparentMode="Alpha">
      <State Left="22" Top="1600" Width="7" Height="10" />
      <State Left="38" Top="1600" Width="7" Height="10" />
      <State Left="54" Top="1600" Width="7" Height="10" />
      <State Left="70" Top="1600" Width="7" Height="10" />
    </Part>
  </Item>
  <Item Name="SizeGrid">
    <Part id="0" Name="SizeGridBkgnd">
      <State type="rectangle" Left="0" Top="0" Width="0" Height="0">
        <Pen Style="Clear" />
        <Brush Color="$00FCFCFB" />
      </State>
    </Part>
  </Item>
  <Item Name="SkinForm">
    <Graphic Name="SkinForm.png" Type="png" />
    <Part id="0" Name="Form" TransparentMode="Mask">
      <Shape type="Auto" />
      <Margins Scale="False" Left="6" Top="27" Right="5" Bottom="5" />
      <State Left="0" Top="0" Width="447" Height="293">
        <Margins Left="7" Top="26" Right="7" Bottom="8" />
      </State>
    </Part>
    <Part id="1" Name="Caption">
      <Position RelPos="5" Scale="False" X="26" Y="8" X2="26" Height="16" />
      <Font Color="$007A622C" />
      <State Left="0" Top="0" Width="0" Height="0">
        <Font Size="9" Color="$007A622C" />
      </State>
      <State Left="0" Top="0" Width="0" Height="0">
        <Font Size="9" Color="$007A622C" />
      </State>
    </Part>
    <Part id="2" Name="Icon">
      <Position RelPos="0" Scale="False" X="8" Y="8" Width="16" Height="16" />
    </Part>
    <Part id="3" Name="RestoreButton" TransparentMode="Alpha">
      <Position RelPos="1" Scale="False" X="52" Y="7" Width="34" Height="18" />
      <State Left="0" Top="0" Width="0" Height="0" />
      <State Left="0" Top="0" Width="0" Height="0" />
      <State Left="0" Top="0" Width="0" Height="0" />
      <State Left="0" Top="0" Width="0" Height="0" />
    </Part>
    <Part id="4" Name="MinButton" TransparentMode="Alpha">
      <Graphic Name="MainForm.png" />
      <State Left="0" Top="1470" Width="23" Height="18" />
      <State Left="23" Top="1470" Width="23" Height="18" />
      <State Left="46" Top="1470" Width="23" Height="18" />
      <State Left="0" Top="0" Width="0" Height="0" />
    </Part>
    <Part id="5" Name="MaxButton" Visible="False">
      <Position RelPos="1" Scale="False" X="52" Y="7" Width="34" Height="18" />
      <State Left="0" Top="0" Width="0" Height="0" />
      <State Left="0" Top="0" Width="0" Height="0" />
      <State Left="0" Top="0" Width="0" Height="0" />
      <State Left="0" Top="0" Width="0" Height="0" />
    </Part>
    <Part id="6" Name="CloseButton" TransparentMode="Alpha">
      <Graphic Name="MainForm.png" />
      <Position RelPos="1" Scale="False" X="10" Y="2" Width="22" Height="21" />
      <State Left="0" Top="1702" Width="22" Height="21" />
      <State Left="22" Top="1702" Width="22" Height="21" />
      <State Left="44" Top="1702" Width="22" Height="21" />
      <State Left="66" Top="1702" Width="22" Height="21" />
    </Part>
  </Item>
  <Item Name="UpdateChildFrom">
    <Graphic Name="SkinForm.png" Type="png" />
    <Part id="0" Name="Form" TransparentMode="Mask">
      <Shape type="Auto" />
      <Margins Scale="False" Left="5" Top="28" Right="5" Bottom="5" />
      <State Left="0" Top="2" Width="447" Height="290">
        <Margins Left="20" Top="75" Right="22" Bottom="41" />
      </State>
    </Part>
  </Item>
  <Item Name="btnConvert">
    <Part id="0" Name="Frame" FillMode="stretch" TransparentMode="Alpha">
      <Position Width="146" Height="53" />
      <State Left="0" Top="1126" Width="146" Height="53">
        <Margins Left="21" Top="14" Right="23" Bottom="16" />
      </State>
      <State Left="146" Top="1127" Width="146" Height="53">
        <Margins Left="21" Top="14" Right="23" Bottom="16" />
      </State>
      <State Left="292" Top="1127" Width="146" Height="53">
        <Margins Left="21" Top="14" Right="23" Bottom="16" />
      </State>
      <State Left="438" Top="1127" Width="146" Height="53">
        <Margins Left="21" Top="14" Right="23" Bottom="16" />
      </State>
    </Part>
  </Item>
  <Item Name="btnAddFile">
    <Part id="0" Name="Frame" FillMode="stretch" TransparentMode="Alpha">
      <Font Name="Arial" Color="$00654807" />
      <State Left="0" Top="1537" Width="95" Height="30">
        <Margins Left="4" Top="3" Right="4" Bottom="5" />
        <Font Name="Verdana" Color="$00654807" />
      </State>
      <State Left="95" Top="1537" Width="95" Height="30">
        <Margins Left="4" Top="3" Right="4" Bottom="5" />
        <Font Name="Verdana" Color="$00654807" />
      </State>
      <State Left="190" Top="1537" Width="95" Height="30">
        <Margins Left="4" Top="3" Right="4" Bottom="5" />
        <Font Name="Verdana" Color="$00654807" />
      </State>
      <State Left="285" Top="1537" Width="95" Height="30">
        <Margins Left="4" Top="3" Right="4" Bottom="5" />
        <Font Name="Verdana" Color="$00654807" />
      </State>
    </Part>
  </Item>
  <Item Name="btnOpen">
    <Part id="0" Name="Frame" FillMode="stretch" TransparentMode="Alpha">
      <Font Name="Arial" Color="clWindow" />
      <State Left="93" Top="1414" Width="53" Height="19">
        <Margins Left="2" Top="2" Right="2" Bottom="2" />
        <Font Name="Arial" Color="$005E3D14" />
      </State>
      <State Left="93" Top="1434" Width="53" Height="19">
        <Margins Left="2" Top="2" Right="2" Bottom="2" />
        <Font Name="Arial" Color="$005E3D14" />
      </State>
      <State Left="93" Top="1454" Width="53" Height="19">
        <Margins Left="2" Top="2" Right="2" Bottom="2" />
        <Font Name="Arial" Color="$005E3D14" />
      </State>
      <State Left="93" Top="1474" Width="53" Height="19">
        <Margins Left="2" Top="2" Right="2" Bottom="2" />
        <Font Name="Arial" Color="$005E3D14" />
      </State>
    </Part>
  </Item>
  <Item Name="btnPages">
    <Part id="0" Name="Frame" FillMode="stretch" TransparentMode="Alpha">
      <State Left="0" Top="1502" Width="17" Height="16">
        <Margins Left="2" Top="1" Right="2" Bottom="2" />
      </State>
      <State Left="17" Top="1502" Width="17" Height="16">
        <Margins Left="2" Top="1" Right="2" Bottom="2" />
      </State>
      <State Left="34" Top="1502" Width="17" Height="16">
        <Margins Left="2" Top="1" Right="2" Bottom="2" />
      </State>
      <State Left="51" Top="1502" Width="17" Height="16">
        <Margins Left="2" Top="1" Right="2" Bottom="2" />
      </State>
    </Part>
  </Item>
  <Item Name="btnDelete">
    <Part id="0" Name="Frame" FillMode="stretch" TransparentMode="Alpha">
      <State Left="0" Top="1028" Width="95" Height="30">
        <Margins Left="2" Top="2" Right="2" Bottom="2" />
      </State>
      <State Left="95" Top="1028" Width="95" Height="30">
        <Margins Left="2" Top="2" Right="2" Bottom="2" />
      </State>
      <State Left="190" Top="1028" Width="95" Height="30">
        <Margins Left="2" Top="2" Right="2" Bottom="2" />
      </State>
      <State Left="285" Top="1028" Width="95" Height="30">
        <Margins Left="2" Top="2" Right="2" Bottom="2" />
        <Font Color="$00B7AA9A" />
      </State>
    </Part>
  </Item>
  <Item Name="btnClear">
    <Part id="0" Name="Frame" FillMode="stretch" TransparentMode="Alpha">
      <State Left="0" Top="1028" Width="95" Height="30">
        <Margins Left="2" Top="2" Right="3" Bottom="2" />
      </State>
      <State Left="95" Top="1028" Width="95" Height="30">
        <Margins Left="2" Top="2" Right="3" Bottom="2" />
      </State>
      <State Left="190" Top="1028" Width="95" Height="30">
        <Margins Left="2" Top="2" Right="3" Bottom="2" />
      </State>
      <State Left="285" Top="1028" Width="95" Height="30">
        <Margins Left="2" Top="2" Right="3" Bottom="2" />
        <Font Color="$00B7AA9A" />
      </State>
    </Part>
  </Item>
  <Item Name="btnReg">
    <Part id="0" Name="Frame" FillMode="stretch" TransparentMode="Alpha">
      <State Left="0" Top="1351" Width="65" Height="23">
        <Margins Left="4" Top="3" Right="3" Bottom="4" />
      </State>
      <State Left="65" Top="1351" Width="65" Height="23">
        <Margins Left="4" Top="3" Right="3" Bottom="4" />
      </State>
      <State Left="130" Top="1351" Width="65" Height="23">
        <Margins Left="4" Top="3" Right="3" Bottom="4" />
      </State>
      <State Left="195" Top="1351" Width="65" Height="23">
        <Margins Left="4" Top="3" Right="3" Bottom="4" />
      </State>
    </Part>
  </Item>
  <Item Name="btnHelp">
    <Part id="0" Name="Frame" FillMode="stretch" TransparentMode="Alpha">
      <State Left="0" Top="1374" Width="60" Height="23">
        <Margins Left="5" Top="3" Right="5" Bottom="4" />
      </State>
      <State Left="60" Top="1374" Width="60" Height="23">
        <Margins Left="5" Top="3" Right="5" Bottom="4" />
      </State>
      <State Left="120" Top="1374" Width="60" Height="23">
        <Margins Left="5" Top="3" Right="5" Bottom="4" />
      </State>
      <State Left="180" Top="1374" Width="60" Height="23">
        <Margins Left="5" Top="3" Right="5" Bottom="4" />
        <Font Color="$00C2B5AD" />
      </State>
    </Part>
  </Item>
  <Item Name="btnCancel">
    <Part id="0" Name="Frame" FillMode="stretch" TransparentMode="Alpha">
      <State Left="0" Top="1179" Width="146" Height="53">
        <Margins Left="29" Top="15" Right="31" Bottom="16" />
      </State>
      <State Left="146" Top="1180" Width="146" Height="53">
        <Margins Left="29" Top="15" Right="31" Bottom="16" />
      </State>
      <State Left="292" Top="1180" Width="146" Height="53">
        <Margins Left="29" Top="15" Right="31" Bottom="16" />
      </State>
      <State Left="438" Top="1180" Width="146" Height="53">
        <Margins Left="29" Top="15" Right="31" Bottom="16" />
      </State>
    </Part>
  </Item>
  <Item Name="btnBalloonClose">
    <Part id="0" Name="Frame" FillMode="stretch" TransparentMode="Alpha">
      <State Left="250" Top="1397" Width="15" Height="15">
        <Margins Left="3" Top="3" Right="3" Bottom="3" />
      </State>
      <State Left="265" Top="1397" Width="15" Height="15">
        <Margins Left="3" Top="3" Right="3" Bottom="3" />
      </State>
      <State Left="280" Top="1397" Width="15" Height="15">
        <Margins Left="3" Top="3" Right="3" Bottom="3" />
      </State>
      <State Left="295" Top="1397" Width="15" Height="15">
        <Margins Left="3" Top="3" Right="3" Bottom="3" />
      </State>
    </Part>
  </Item>
  <Item Name="Edit">
    <Part id="0" Name="Frame" TransparentMode="Alpha">
      <State Left="148" Top="1414" Width="20" Height="20">
        <Margins Left="3" Top="4" Right="3" Bottom="4" />
      </State>
      <State Left="148" Top="1414" Width="20" Height="20">
        <Margins Left="3" Top="4" Right="3" Bottom="4" />
      </State>
      <State Left="148" Top="1414" Width="20" Height="20">
        <Margins Left="3" Top="4" Right="3" Bottom="4" />
      </State>
      <State Left="148" Top="1414" Width="20" Height="20">
        <Margins Left="3" Top="4" Right="3" Bottom="4" />
      </State>
    </Part>
  </Item>
  <Item Name="CheckBox">
    <Part id="0" Name="Checked" TransparentMode="Alpha">
      <State Left="188" Top="1398" Width="13" Height="13">
        <Margins Left="2" Top="2" Right="2" Bottom="2" />
      </State>
      <State Left="203" Top="1398" Width="13" Height="13">
        <Margins Left="2" Top="2" Right="2" Bottom="2" />
      </State>
      <State Left="218" Top="1398" Width="13" Height="13">
        <Margins Left="2" Top="2" Right="2" Bottom="2" />
      </State>
      <State Left="233" Top="1398" Width="13" Height="13">
        <Margins Left="3" Top="3" Right="3" Bottom="3" />
      </State>
    </Part>
    <Part id="1" Name="UnChecked" TransparentMode="Alpha">
      <State Left="128" Top="1398" Width="13" Height="13">
        <Margins Left="3" Top="2" Right="3" Bottom="3" />
      </State>
      <State Left="143" Top="1398" Width="13" Height="13">
        <Margins Left="3" Top="2" Right="3" Bottom="3" />
      </State>
      <State Left="158" Top="1398" Width="13" Height="13">
        <Margins Left="3" Top="2" Right="3" Bottom="3" />
      </State>
      <State Left="173" Top="1398" Width="13" Height="13">
        <Margins Left="3" Top="2" Right="3" Bottom="3" />
      </State>
    </Part>
  </Item>
  <Item Name="RadioButton">
    <Part id="0" Name="Checked" TransparentMode="Alpha">
      <State Left="61" Top="1398" Width="13" Height="13">
        <Margins Left="1" Top="1" Right="1" Bottom="1" />
      </State>
      <State Left="76" Top="1398" Width="13" Height="13">
        <Margins Left="1" Top="1" Right="1" Bottom="1" />
      </State>
      <State Left="91" Top="1398" Width="13" Height="13">
        <Margins Left="1" Top="1" Right="1" Bottom="1" />
      </State>
      <State Left="106" Top="1398" Width="13" Height="13">
        <Margins Left="1" Top="1" Right="1" Bottom="1" />
      </State>
    </Part>
    <Part id="1" Name="UnChecked" TransparentMode="Alpha">
      <State Left="1" Top="1398" Width="13" Height="13">
        <Margins Left="1" Top="1" Right="1" Bottom="1" />
      </State>
      <State Left="16" Top="1398" Width="13" Height="13">
        <Margins Left="1" Top="1" Right="1" Bottom="1" />
      </State>
      <State Left="31" Top="1398" Width="13" Height="13">
        <Margins Left="1" Top="1" Right="1" Bottom="1" />
      </State>
      <State Left="46" Top="1398" Width="13" Height="13">
        <Margins Left="1" Top="1" Right="1" Bottom="1" />
      </State>
    </Part>
  </Item>
  <Item Name="btnSetting">
    <Part id="0" Name="Frame" FillMode="stretch" TransparentMode="Alpha">
      <State Left="0" Top="1028" Width="95" Height="30" />
      <State Left="95" Top="1028" Width="95" Height="30" />
      <State Left="190" Top="1028" Width="95" Height="30" />
      <State Left="285" Top="1028" Width="95" Height="30">
        <Font Color="$00B7AA9A" />
      </State>
    </Part>
  </Item>
  <Item Name="ArrowHead">
    <Part id="0" Name="Frame" TransparentMode="Alpha">
      <State Left="68" Top="1502" Width="7" Height="4" />
      <State Left="75" Top="1502" Width="7" Height="4" />
      <State Left="82" Top="1502" Width="7" Height="4" />
      <State Left="89" Top="1502" Width="7" Height="4" />
    </Part>
  </Item>
  <Item Name="GroupBox">
    <Part id="0" Name="Frame">
      <State Left="0" Top="0" Width="0" Height="0" />
    </Part>
  </Item>
  <Item Name="gbConvert">
    <Part id="0" Name="Frame" TransparentMode="Alpha">
      <State type="roundrect" Left="0" Top="0" Width="0" Height="0">
        <Spaces Scale="False" Left="2" Top="2" Right="2" Bottom="2" />
        <Pen Color="$005E3D14" />
        <Shadow style="offset" Color="$00FFF1EB" X="1" Y="1" X2="2" Y2="2" />
      </State>
    </Part>
  </Item>
  <Item Name="VideoTrackBar">
    <Part id="0" Name="Track" FillMode="stretch" TransparentMode="Alpha">
      <Graphic Name="VideoTractBar.png" />
      <Position X="1" Y="6" X2="1" Y2="5" Height="9" />
      <State Left="0" Top="0" Width="15" Height="9">
        <Margins Left="5" Top="3" Right="6" Bottom="3" />
        <Spaces Left="12" Right="12" />
      </State>
      <State Left="0" Top="0" Width="15" Height="9">
        <Margins Left="5" Top="3" Right="6" Bottom="3" />
        <Spaces Left="12" Right="12" />
      </State>
    </Part>
    <Part id="1" Name="Pointer" TransparentMode="Alpha">
      <Graphic Name="VideoTractBar.png" />
      <Position Y="1" Width="11" Height="20" />
      <State Left="0" Top="9" Width="11" Height="20">
        <Margins Left="2" Top="1" Right="2" Bottom="7" />
      </State>
      <State Left="11" Top="9" Width="11" Height="20">
        <Margins Left="2" Top="1" Right="2" Bottom="7" />
      </State>
      <State Left="22" Top="9" Width="11" Height="20">
        <Margins Left="2" Top="1" Right="2" Bottom="7" />
      </State>
      <State Left="33" Top="9" Width="11" Height="20">
        <Margins Left="2" Top="1" Right="2" Bottom="7" />
      </State>
    </Part>
  </Item>
  <Item Name="btnWord">
    <Part id="0" Name="Frame" TransparentMode="Alpha">
      <State Left="0" Top="0" Width="0" Height="0">
        <Margins Bottom="3" />
      </State>
      <State Left="0" Top="834" Width="71" Height="78">
        <Margins Bottom="3" />
      </State>
      <State Left="71" Top="834" Width="71" Height="78">
        <Margins Bottom="3" />
      </State>
      <State Left="142" Top="834" Width="71" Height="78">
        <Margins Bottom="3" />
      </State>
    </Part>
  </Item>
  <Item Name="btnhtml">
    <Part id="0" Name="Frame" FillMode="stretch" TransparentMode="Alpha">
      <State Left="0" Top="868" Width="71" Height="78">
        <Margins Bottom="4" />
      </State>
      <State Left="71" Top="868" Width="71" Height="78">
        <Margins Bottom="4" />
      </State>
      <State Left="142" Top="868" Width="71" Height="78">
        <Margins Bottom="4" />
      </State>
      <State Left="213" Top="868" Width="71" Height="78">
        <Margins Bottom="4" />
      </State>
    </Part>
  </Item>
  <Item Name="btnText">
    <Part id="0" Name="Frame" FillMode="stretch" TransparentMode="Alpha">
      <State Left="0" Top="947" Width="71" Height="78">
        <Margins Bottom="4" />
      </State>
      <State Left="71" Top="947" Width="71" Height="78">
        <Margins Bottom="4" />
      </State>
      <State Left="142" Top="947" Width="71" Height="78">
        <Margins Bottom="4" />
      </State>
      <State Left="213" Top="947" Width="71" Height="78">
        <Margins Bottom="4" />
      </State>
    </Part>
  </Item>
  <Item Name="btnAddFileGlyph">
    <Part id="0" Name="Frame" FillMode="stretch" TransparentMode="Alpha">
      <State Left="0" Top="1235" Width="96" Height="28" />
      <State Left="0" Top="1263" Width="96" Height="28" />
      <State Left="0" Top="1291" Width="96" Height="28" />
      <State Left="0" Top="1319" Width="96" Height="28" />
    </Part>
  </Item>
  <Item Name="btnRemoveGlyph">
    <Part id="0" Name="Frame" FillMode="stretch" TransparentMode="Alpha">
      <State Left="190" Top="1235" Width="96" Height="28" />
      <State Left="190" Top="1263" Width="96" Height="28" />
      <State Left="190" Top="1291" Width="96" Height="28" />
      <State Left="190" Top="1319" Width="96" Height="28" />
    </Part>
  </Item>
  <Item Name="btnClearGlyph">
    <Part id="0" Name="Frame" FillMode="stretch" TransparentMode="Alpha">
      <State Left="285" Top="1235" Width="94" Height="28" />
      <State Left="285" Top="1263" Width="94" Height="28" />
      <State Left="285" Top="1291" Width="94" Height="28" />
      <State Left="285" Top="1319" Width="94" Height="28" />
    </Part>
  </Item>
  <Item Name="btnOptionsGlyph">
    <Part id="0" Name="Frame" FillMode="stretch" TransparentMode="Alpha">
      <State Left="95" Top="1235" Width="96" Height="28" />
      <State Left="95" Top="1263" Width="96" Height="28" />
      <State Left="95" Top="1291" Width="96" Height="28" />
      <State Left="95" Top="1319" Width="96" Height="28" />
    </Part>
  </Item>
  <Item Name="WordSel">
    <Part id="0" Name="Frame" FillMode="stretch" TransparentMode="Alpha">
      <State Left="0" Top="587" Width="111" Height="87" />
      <State Left="110" Top="587" Width="111" Height="87" />
      <State Left="220" Top="587" Width="111" Height="87" />
      <State Left="330" Top="587" Width="111" Height="87" />
    </Part>
  </Item>
  <Item Name="TextSel">
    <Part id="0" Name="Frame" FillMode="stretch" TransparentMode="Alpha">
      <State Left="0" Top="939" Width="111" Height="87" />
      <State Left="110" Top="939" Width="111" Height="87" />
      <State Left="220" Top="939" Width="111" Height="87" />
      <State Left="330" Top="939" Width="111" Height="87" />
    </Part>
  </Item>
  <Item Name="HTMLSel">
    <Part id="0" Name="Frame" FillMode="stretch" TransparentMode="Alpha">
      <State Left="0" Top="1027" Width="111" Height="87" />
      <State Left="110" Top="1027" Width="111" Height="87" />
      <State Left="220" Top="1027" Width="111" Height="87" />
      <State Left="330" Top="1027" Width="111" Height="87" />
    </Part>
  </Item>
  <Item Name="PPTSel">
    <Part id="0" Name="Frame" FillMode="stretch" TransparentMode="Alpha">
      <State Left="0" Top="763" Width="111" Height="87" />
      <State Left="110" Top="763" Width="111" Height="87" />
      <State Left="220" Top="763" Width="111" Height="87" />
      <State Left="330" Top="763" Width="111" Height="87" />
    </Part>
  </Item>
  <Item Name="Button">
    <Part id="0" Name="Frame" FillMode="stretch" TransparentMode="Alpha">
      <State Left="0" Top="1681" Width="53" Height="19">
        <Margins Left="2" Top="2" Right="2" Bottom="2" />
      </State>
      <State Left="54" Top="1681" Width="53" Height="19">
        <Margins Left="2" Top="2" Right="2" Bottom="2" />
      </State>
      <State Left="108" Top="1681" Width="53" Height="19">
        <Margins Left="2" Top="2" Right="2" Bottom="2" />
      </State>
      <State Left="162" Top="1681" Width="53" Height="19">
        <Margins Left="2" Top="2" Right="2" Bottom="2" />
      </State>
    </Part>
  </Item>
  <Item Name="EpubSel">
    <Part id="0" Name="Frame" FillMode="stretch" TransparentMode="Alpha">
      <State Left="0" Top="851" Width="111" Height="87" />
      <State Left="110" Top="851" Width="111" Height="87" />
      <State Left="220" Top="851" Width="111" Height="87" />
      <State Left="330" Top="851" Width="111" Height="87" />
    </Part>
  </Item>
</Skin>