<?xml version="1.0" encoding="UTF-8" ?>
<!DOCTYPE mapper PUBLIC "-//mybatis.org//DTD Mapper 3.0//EN" "http://mybatis.org/dtd/mybatis-3-mapper.dtd">
<mapper namespace="com.itheima.mapper.UserMapper">


    <resultMap id="userMap" type="user">
        <id column="uid" property="id"></id>
        <result column="username" property="username"></result>
        <result column="password" property="password"></result>
        <result column="birthday" property="birthday"></result>
        <!--配置集合信息
            property:集合名称
            ofType：当前集合中的数据类型
        -->
        <collection property="orderList" ofType="order">
            <!--封装order的数据-->
            <id column="oid" property="id"></id>
            <result column="ordertime" property="ordertime"></result>
            <result column="total" property="total"></result>
        </collection>
    </resultMap>

    <select id="findAll" resultMap="userMap">
        SELECT *,o.id oid FROM USER u,orders o WHERE u.id=o.uid
    </select>

    <!--#############################################################################-->

    <resultMap id="userRoleMap" type="user">
        <!--user的信息-->
        <id column="userId" property="id"></id>
        <result column="username" property="username"></result>
        <result column="password" property="password"></result>
        <result column="birthday" property="birthday"></result>
        <!--user内部的roleList信息-->
        <collection property="roleList" ofType="role">
            <id column="roleId" property="id"></id>
            <result column="roleName" property="roleName"></result>
            <result column="roleDesc" property="roleDesc"></result>
        </collection>
    </resultMap>

    <select id="findUserAndRoleAll" resultMap="userRoleMap">
        SELECT * FROM USER u,sys_user_role ur,sys_role r WHERE u.id=ur.userId AND ur.roleId=r.id
    </select>



</mapper>