<?xml version="1.0" encoding="UTF-8" standalone="yes"?>
<cp:coreProperties xmlns:cp="http://schemas.openxmlformats.org/package/2006/metadata/core-properties" xmlns:dc="http://purl.org/dc/elements/1.1/" xmlns:dcterms="http://purl.org/dc/terms/" xmlns:dcmitype="http://purl.org/dc/dcmitype/" xmlns:xsi="http://www.w3.org/2001/XMLSchema-instance"><dc:title>Slide 1</dc:title><dc:creator></dc:creator><cp:lastModifiedBy>雨林木风</cp:lastModifiedBy><cp:revision>3</cp:revision><dcterms:created xsi:type="dcterms:W3CDTF">2006-08-16T00:00:00Z</dcterms:created><dcterms:modified xsi:type="dcterms:W3CDTF">2010-04-24T16:48:41Z</dcterms:modified></cp:coreProperties>